GROUP,PACKAGE,CLASS,INSTRUCTION_MISSED,INSTRUCTION_COVERED,BRANCH_MISSED,BRANCH_COVERED,LINE_MISSED,LINE_COVERED,COMPLEXITY_MISSED,COMPLEXITY_COVERED,METHOD_MISSED,METHOD_COVERED
alerts,com.safetynet.alerts.utils,InputDataReader,0,44,0,0,0,9,0,3,0,3
alerts,com.safetynet.alerts.utils,AlertsDateUtil,2,18,1,1,1,5,1,4,0,4
alerts,com.safetynet.alerts.utils,AlertsDataOutputWriterImpl,24,35,0,2,4,10,0,4,0,3
alerts,com.safetynet.alerts.repository,PersonRepository,0,104,2,4,0,20,2,9,0,8
alerts,com.safetynet.alerts.repository,MedicalRecordRepository,0,113,3,7,0,20,3,10,0,8
alerts,com.safetynet.alerts.repository,FireStationRepository,0,84,2,4,0,16,2,7,0,6
alerts,com.safetynet.alerts.controller,PersonController,18,54,3,3,3,14,3,6,0,6
alerts,com.safetynet.alerts.controller,FireStationDistrictController,0,23,0,0,0,5,0,5,0,5
alerts,com.safetynet.alerts.controller,MedicalRecordController,18,48,3,3,3,11,3,5,0,5
alerts,com.safetynet.alerts.controller,PersonSpecificInfoController,0,14,0,0,0,3,0,3,0,3
alerts,com.safetynet.alerts.controller,FireStationController,18,47,3,3,3,11,3,5,0,5
alerts,com.safetynet.alerts.service,FireStationDistrictServiceImpl,2,449,7,25,1,99,7,24,0,15
alerts,com.safetynet.alerts.service,MedicalRecordServiceImpl,0,184,2,16,0,33,2,13,0,6
alerts,com.safetynet.alerts.service,PersonServiceImpl,1,314,6,28,0,57,6,22,0,11
alerts,com.safetynet.alerts.service,FireStationServiceImpl,0,200,1,15,0,39,1,15,0,8
alerts,com.safetynet.alerts.service,PersonSpecificInfoServiceImpl,0,303,2,14,0,60,2,14,0,8
alerts,com.safetynet.alerts,AlertsApplication,5,3,0,0,2,1,1,1,1,1
alerts,com.safetynet.alerts.config,AlertsConfig,0,14,0,0,0,3,0,3,0,3
